{
  "accessTier": "Hot",
  "allowBlobPublicAccess": false,
  "allowCrossTenantReplication": null,
  "allowSharedKeyAccess": null,
  "allowedCopyScope": null,
  "azureFilesIdentityBasedAuthentication": null,
  "blobRestoreStatus": null,
  "creationTime": "2023-01-06T07:39:34.619574+00:00",
  "customDomain": null,
  "defaultToOAuthAuthentication": null,
  "dnsEndpointType": null,
  "enableHttpsTrafficOnly": true,
  "enableNfsV3": null,
  "encryption": {
    "encryptionIdentity": null,
    "keySource": "Microsoft.Storage",
    "keyVaultProperties": null,
    "requireInfrastructureEncryption": null,
    "services": {
      "blob": {
        "enabled": true,
        "keyType": "Account",
        "lastEnabledTime": "2023-01-06T07:39:35.728954+00:00"
      },
      "file": {
        "enabled": true,
        "keyType": "Account",
        "lastEnabledTime": "2023-01-06T07:39:35.728954+00:00"
      },
      "queue": null,
      "table": null
    }
  },
  "extendedLocation": null,
  "failoverInProgress": null,
  "geoReplicationStats": null,
  "id": "/subscriptions/9c0*****-7231-42**-aa**-c18e50******/resourceGroups/cloud-shell-storage-centralindia/providers/Microsoft.Storage/storageAccounts/csg100320020ea571a3",
  "identity": null,
  "immutableStorageWithVersioning": null,
  "isHnsEnabled": null,
  "isLocalUserEnabled": null,
  "isSftpEnabled": null,
  "keyCreationTime": {
    "key1": "2023-01-06T07:39:34.682003+00:00",
    "key2": "2023-01-06T07:39:34.682003+00:00"
  },
  "keyPolicy": null,
  "kind": "StorageV2",
  "largeFileSharesState": null,
  "lastGeoFailoverTime": null,
  "location": "centralindia",
  "minimumTlsVersion": "TLS1_2",
  "name": "csg100320020ea571a3",
  "networkRuleSet": {
    "bypass": "AzureServices",
    "defaultAction": "Allow",
    "ipRules": [],
    "resourceAccessRules": null,
    "virtualNetworkRules": []
  },
  "primaryEndpoints": {
    "blob": "https://csg100320020ea571a3.blob.core.windows.net/",
    "dfs": "https://csg100320020ea571a3.dfs.core.windows.net/",
    "file": "https://csg100320020ea571a3.file.core.windows.net/",
    "internetEndpoints": null,
    "microsoftEndpoints": null,
    "queue": "https://csg100320020ea571a3.queue.core.windows.net/",
    "table": "https://csg100320020ea571a3.table.core.windows.net/",
    "web": "https://csg100320020ea571a3.z29.web.core.windows.net/"
  },
  "primaryLocation": "centralindia",
  "privateEndpointConnections": [],
  "provisioningState": "Succeeded",
  "publicNetworkAccess": null,
  "resourceGroup": "cloud-shell-storage-centralindia",
  "routingPreference": null,
  "sasPolicy": null,
  "secondaryEndpoints": null,
  "secondaryLocation": null,
  "sku": {
    "name": "Standard_LRS",
    "tier": "Standard"
  },
  "statusOfPrimary": "available",
  "statusOfSecondary": null,
  "storageAccountSkuConversionStatus": null,
  "tags": {
    "ms-resource-usage": "azure-cloud-shell"
  },
  "type": "Microsoft.Storage/storageAccounts"
}
